artifact_id,kind,section,priority,title,path,status,source,note,size_bytes,rows,columns,width,height
Gambar 4.15,figure,4.7,required,Kondisi data sulit pada wilayah cross-validation,/home/nozomi/Productive/skripsi/bab4/outputs/figures/4_7_difficult_data_case_studies.png,exists,dataset/preprocessing_summary.csv;dataset/tiles/7ch/by_region,,115366,,,2118,1332
Gambar 4.16,figure,4.7,required,Kasus OOF Sentinel-2 kosong/hampir kosong,/home/nozomi/Productive/skripsi/bab4/outputs/figures/4_7_hsv_zero_tile_panel.png,exists,"runs/oof_extreme_conditions/{micro_metrics.csv,per_region_metrics.csv,selected_tiles.csv,provenance.json};/home/nozomi/Productive/skripsi/dataset/tiles/7ch/by_region/Aceh_Tamiang/Aceh_Tamiang_r001024_c003840.npz",,4189848,,,2729,2475
Gambar 4.17,figure,4.7,required,Kasus OOF topografi sulit atau kandidat radar shadow,/home/nozomi/Productive/skripsi/bab4/outputs/figures/4_7_topography_radar_shadow_case.png,exists,"runs/oof_extreme_conditions/{micro_metrics.csv,per_region_metrics.csv,selected_tiles.csv,provenance.json};/home/nozomi/Productive/skripsi/dataset/tiles/7ch/by_region/Aceh_Timur/Aceh_Timur_r011264_c002048.npz",,4888592,,,2729,2475
Gambar 4.18,figure,4.7,required,Kasus OOF badan air permanen,/home/nozomi/Productive/skripsi/bab4/outputs/figures/4_7_permanent_water_case.png,exists,"runs/oof_extreme_conditions/{micro_metrics.csv,per_region_metrics.csv,selected_tiles.csv,provenance.json};/home/nozomi/Productive/skripsi/dataset/tiles/7ch/by_region/Aceh_Timur/Aceh_Timur_r005632_c007424.npz",,3897220,,,2729,2475
Narasi 4.7,narrative,4.7,required,Interpretasi ketahanan model pada kondisi ekstrem,/home/nozomi/Productive/skripsi/bab4/outputs/narratives/4_7_extreme_condition_oof_interpretation.md,exists,"runs/oof_extreme_conditions/{micro_metrics.csv,per_region_metrics.csv,selected_tiles.csv,provenance.json}",,773,,,,
Tabel 4.16,table,4.7,required,Kondisi data sulit pada wilayah cross-validation,/home/nozomi/Productive/skripsi/bab4/outputs/tables/4_7_difficult_data_case_studies.csv,exists,dataset/tiles/7ch/by_region/*/*.npz;dataset/features_preprocessed/*,,686,10,7,,
Tabel 4.17,table,4.7,required,Contoh tile kondisi ekstrem out-of-fold,/home/nozomi/Productive/skripsi/bab4/outputs/tables/4_7_extreme_tile_selection.csv,exists,"runs/oof_extreme_conditions/{micro_metrics.csv,per_region_metrics.csv,selected_tiles.csv,provenance.json}",,354,3,7,,
Tabel 4.18,table,4.7,required,Metrik out-of-fold pada kondisi data ekstrem,/home/nozomi/Productive/skripsi/bab4/outputs/tables/4_7_oof_extreme_condition_metrics.csv,exists,"runs/oof_extreme_conditions/{micro_metrics.csv,per_region_metrics.csv,selected_tiles.csv,provenance.json}",,812,6,13,,
Tambahan 4.7,table,4.7,supplementary,Rincian metrik out-of-fold per wilayah,/home/nozomi/Productive/skripsi/bab4/outputs/tables/4_7_oof_extreme_condition_metrics_by_region.csv,exists,"runs/oof_extreme_conditions/{micro_metrics.csv,per_region_metrics.csv,selected_tiles.csv,provenance.json}",,8606,60,17,,
